Name,Socket,Core Count,Thread Count,Base Clock,Boost Clock,TDP,Price,Performance_Class
AMD Ryzen 7 9800X3D,AM5,8,16,4.7 GHz,5.2 GHz,120 W,54883,High
AMD Ryzen 7 7800X3D,AM5,8,16,4.2 GHz,5.0 GHz,120 W,46593,High
AMD Ryzen 5 9600X,AM5,6,12,3.9 GHz,5.4 GHz,65 W,24172,Mid
AMD Ryzen 5 7600X,AM5,6,12,4.7 GHz,5.3 GHz,105 W,23238,Mid
AMD Ryzen 9 9950X3D,AM5,16,32,4.3 GHz,5.7 GHz,170 W,78892,Pro
AMD Ryzen 5 5500,AM4,6,12,3.6 GHz,4.2 GHz,65 W,10743,Entry
AMD Ryzen 7 9700X,AM5,8,16,3.8 GHz,5.5 GHz,65 W,38476,High
AMD Ryzen 5 5600,AM4,6,12,3.5 GHz,4.4 GHz,65 W,19967,Mid
AMD Ryzen 7 7700X,AM5,8,16,4.5 GHz,5.4 GHz,105 W,29777,High
AMD Ryzen 7 5800X,AM4,8,16,3.8 GHz,4.7 GHz,105 W,29071,High
AMD Ryzen 5 3600,AM4,6,12,3.6 GHz,4.2 GHz,65 W,22018,Mid
AMD Ryzen 5 5600X,AM4,6,12,3.7 GHz,4.6 GHz,65 W,25515,Mid
AMD Ryzen 7 5700X,AM4,8,16,3.4 GHz,4.6 GHz,65 W,26945,High
Intel Core i7-14700K,LGA1700,20,28,3.4 GHz,5.6 GHz,125 W,42037,Pro
Intel Core i5-12400F,LGA1700,6,12,2.5 GHz,4.4 GHz,65 W,21018,Mid
AMD Ryzen 9 9900X,AM5,12,24,4.4 GHz,5.6 GHz,120 W,45541,Pro
Intel Core i9-14900K,LGA1700,24,32,3.2 GHz,6.0 GHz,125 W,54766,Pro
AMD Ryzen 7 5800XT,AM4,8,16,3.8 GHz,4.8 GHz,105 W,25574,High
AMD Ryzen 5 7500F,AM5,6,12,3.7 GHz,5.0 GHz,65 W,20848,Mid
AMD Ryzen 5 7600,AM5,6,12,3.8 GHz,5.1 GHz,65 W,23879,Mid
AMD Ryzen 7 5800X3D,AM4,8,16,3.4 GHz,4.5 GHz,105 W,23351,High
Intel Core Ultra 7 265K,LGA1851,20,20,3.9 GHz,5.5 GHz,125 W,35252,High
AMD Ryzen 9 7900X,AM5,12,24,4.7 GHz,5.6 GHz,170 W,39153,Pro
Intel Core Ultra 9 285K,LGA1851,24,24,3.7 GHz,5.7 GHz,125 W,67727,Pro
Intel Core i5-12600KF,LGA1700,10,16,3.7 GHz,4.9 GHz,125 W,19851,High
Intel Core i5-14600K,LGA1700,14,20,3.5 GHz,5.3 GHz,125 W,32230,High
Intel Core i7-12700KF,LGA1700,12,20,3.6 GHz,5.0 GHz,125 W,31119,High
AMD Ryzen 9 5900X,AM4,12,24,3.7 GHz,4.8 GHz,105 W,31646,Pro
AMD Ryzen 5 7600X3D,AM5,6,12,4.1 GHz,4.7 GHz,65 W,40228,Mid
AMD Ryzen 9 5950X,AM4,16,32,3.4 GHz,4.9 GHz,105 W,45425,Pro
AMD Ryzen 7 5700G,AM4,8,16,3.8 GHz,4.6 GHz,65 W,27973,High
Intel Core i5-14400F,LGA1700,10,16,2.5 GHz,4.7 GHz,65 W,26040,Mid
AMD Ryzen 5 8500G,AM5,6,12,4.1 GHz,5.0 GHz,65 W,17516,Mid
AMD Ryzen 7 3700X,AM4,8,16,3.6 GHz,4.4 GHz,65 W,32580,High
AMD Ryzen 9 9950X,AM5,16,32,4.3 GHz,5.7 GHz,170 W,61190,Pro
AMD Ryzen 5 5600G,AM4,6,12,3.9 GHz,4.4 GHz,65 W,22770,Mid
Intel Core i9-12900K,LGA1700,16,24,3.2 GHz,5.2 GHz,125 W,47585,Pro
Intel Core i5-14600KF,LGA1700,14,20,3.5 GHz,5.3 GHz,125 W,28609,High
Intel Core i7-12700K,LGA1700,12,20,3.6 GHz,5.0 GHz,125 W,33572,High
Intel Core i5-12600K,LGA1700,10,16,3.7 GHz,4.9 GHz,125 W,21661,High
AMD Ryzen 7 5700,AM4,8,16,3.7 GHz,4.6 GHz,65 W,19677,High
AMD Ryzen 5 8400F,AM5,6,12,4.2 GHz,4.7 GHz,65 W,19145,Mid
AMD Ryzen 9 9900X3D,AM5,12,24,4.4 GHz,5.5 GHz,120 W,69948,Pro
AMD Ryzen 5 5600XT,AM4,6,12,3.7 GHz,4.7 GHz,65 W,23060,Mid
AMD Ryzen 7 7700,AM5,8,16,3.6 GHz,5.3 GHz,65 W,43195,High
AMD Ryzen 7 8700F,AM5,8,16,4.1 GHz,5.0 GHz,65 W,29073,High
AMD Ryzen 5 4500,AM4,6,12,3.6 GHz,4.1 GHz,65 W,11574,Entry
Intel Core Ultra 7 265KF,LGA1851,20,20,3.9 GHz,5.5 GHz,125 W,34331,High
AMD Ryzen 5 5600GT,AM4,6,12,3.6 GHz,4.6 GHz,65 W,20785,Mid
Intel Core i7-14700F,LGA1700,20,28,2.1 GHz,5.4 GHz,65 W,45644,Pro
AMD Ryzen 3 3200G,AM4,4,4,3.6 GHz,4.0 GHz,65 W,7519,Entry
Intel Core i3-12100F,LGA1700,4,8,3.3 GHz,4.3 GHz,58 W,11325,Entry
Intel Core i9-14900KF,LGA1700,24,32,3.2 GHz,6.0 GHz,125 W,54883,Pro
Intel Core Ultra 5 225F,LGA1851,10,10,3.3 GHz,4.9 GHz,65 W,18448,Mid
Intel Core i5-10400F,LGA1200,6,12,2.9 GHz,4.3 GHz,65 W,17768,Mid
AMD Ryzen 5 2600,AM4,6,12,3.4 GHz,3.9 GHz,65 W,11676,Entry
Intel Core Ultra 5 245K,LGA1851,14,14,4.2 GHz,5.2 GHz,125 W,26845,High
Intel Core i7-9700K,LGA1151,8,8,3.6 GHz,4.9 GHz,95 W,30245,High
Intel Core i7-14700KF,LGA1700,20,28,3.4 GHz,5.6 GHz,125 W,43206,Pro
AMD Ryzen 9 7950X3D,AM5,16,32,4.2 GHz,5.7 GHz,120 W,76019,Pro
Intel Core i5-13400F,LGA1700,10,16,2.5 GHz,4.6 GHz,65 W,26276,Mid
AMD Ryzen 9 5900XT,AM4,16,32,3.3 GHz,4.8 GHz,105 W,38252,Pro
AMD Ryzen 5 3400G,AM4,4,8,3.7 GHz,4.2 GHz,65 W,9459,Entry
Intel Core i7-8700K,LGA1151,6,12,3.7 GHz,4.7 GHz,95 W,22654,High
AMD Ryzen 7 8700G,AM5,8,16,4.2 GHz,5.1 GHz,65 W,35615,High
Intel Core i9-12900KF,LGA1700,16,24,3.2 GHz,5.2 GHz,125 W,38752,Pro
AMD Ryzen 5 5500GT,AM4,6,12,3.6 GHz,4.4 GHz,65 W,18579,Mid
Intel Core Ultra 5 245KF,LGA1851,14,14,4.2 GHz,5.2 GHz,125 W,23646,High
AMD Ryzen 7 2700X,AM4,8,16,3.7 GHz,4.3 GHz,105 W,15880,High
AMD Ryzen 5 8600G,AM5,6,12,4.3 GHz,5.0 GHz,65 W,21837,Mid
Intel Core i9-9900K,LGA1151,8,16,3.6 GHz,5.0 GHz,95 W,52432,Pro
Intel Core i3-14100F,LGA1700,4,8,3.5 GHz,4.7 GHz,58 W,12913,Entry
AMD Ryzen 7 7800X3D,AM5,8,16,4.2 GHz,5.0 GHz,120 W,46680,High
Intel Core i7-7700K,LGA1151,4,8,4.2 GHz,4.5 GHz,91 W,21603,High
Intel Core i9-14900KS,LGA1700,24,32,3.2 GHz,6.2 GHz,150 W,81741,Pro
AMD Ryzen 3 4100,AM4,4,8,3.8 GHz,4.0 GHz,65 W,8057,Entry
Intel Celeron E3400,LGA775,2,2,2.6 GHz,,65 W,2216,Entry
AMD Ryzen 9 7950X,AM5,16,32,4.5 GHz,5.7 GHz,170 W,86282,Pro
Intel Core i5-13600K,LGA1700,14,20,3.5 GHz,5.1 GHz,125 W,37251,High
Intel Core i7-10700K,LGA1200,8,16,3.8 GHz,5.1 GHz,125 W,46826,High
Intel Core i9-13900K,LGA1700,24,32,3.0 GHz,5.8 GHz,125 W,64925,Pro
Intel Core i3-10100F,LGA1200,4,8,3.6 GHz,4.3 GHz,65 W,5838,Entry
Intel Core i5-9400F,LGA1151,6,6,2.9 GHz,4.1 GHz,65 W,14012,Mid
AMD Ryzen 9 7900X3D,AM5,12,24,4.4 GHz,5.6 GHz,120 W,89916,Pro
Intel Core i7-6700K,LGA1151,4,8,4.0 GHz,4.2 GHz,91 W,14642,High
AMD Ryzen 5 1600 (14nm),AM4,6,12,3.2 GHz,3.6 GHz,65 W,9160,Entry
Intel Core i5-11400F,LGA1200,6,12,2.6 GHz,4.4 GHz,65 W,18683,Mid
AMD Ryzen 7 3800X,AM4,8,16,3.9 GHz,4.5 GHz,105 W,87464,High
Intel Core i5-14400,LGA1700,10,16,2.5 GHz,4.7 GHz,65 W,35539,Mid
Intel Core i5-12400,LGA1700,6,12,2.5 GHz,4.4 GHz,65 W,26156,Mid
AMD Ryzen 9 7900,AM5,12,24,3.7 GHz,5.4 GHz,65 W,45659,Pro
Intel Core i7-8700,LGA1151,6,12,3.2 GHz,4.6 GHz,65 W,16075,High
Intel Core i5-9600K,LGA1151,6,6,3.7 GHz,4.6 GHz,95 W,16900,Mid
Intel Core i7-11700K,LGA1200,8,16,3.6 GHz,5.0 GHz,125 W,41922,High
Intel Xeon E5-2687W V4,LGA2011-3,12,24,3.0 GHz,3.5 GHz,160 W,293561,Pro
Intel Core i7-12700F,LGA1700,12,20,2.1 GHz,4.9 GHz,65 W,33513,High
AMD Ryzen 5 2600X,AM4,6,12,3.6 GHz,4.2 GHz,95 W,29835,Mid
Intel Core i3-6100,LGA1151,2,4,3.7 GHz,,51 W,2471,Entry
Intel Core i7-7700,LGA1151,4,8,3.6 GHz,4.2 GHz,65 W,11969,High
Intel Core i7-6700,LGA1151,4,8,3.4 GHz,4.0 GHz,65 W,11347,High
Intel Core i5-13600KF,LGA1700,14,20,3.5 GHz,5.1 GHz,125 W,35031,High
Intel Core Ultra 7 265F,LGA1851,20,20,2.4 GHz,5.3 GHz,65 W,40871,High
Intel Core i5-6500,LGA1151,4,4,3.2 GHz,3.6 GHz,65 W,10859,Mid
AMD Ryzen 5 9600,AM5,6,12,3.8 GHz,5.2 GHz,65 W,32134,Mid
Intel Core i9-10900K,LGA1200,10,20,3.7 GHz,5.3 GHz,125 W,70781,Pro
Intel Core i5-10400,LGA1200,6,12,2.9 GHz,4.3 GHz,65 W,21836,Mid
Intel Core i7-10700F,LGA1200,8,16,2.9 GHz,4.8 GHz,65 W,35292,High
AMD Ryzen 7 7700,AM5,8,16,3.6 GHz,5.3 GHz,65 W,49883,High
Intel Core i5-8400,LGA1151,6,6,2.8 GHz,4.0 GHz,65 W,19851,Mid
AMD Ryzen 9 3950X,AM4,16,32,3.5 GHz,4.7 GHz,105 W,46709,Pro
Intel Core i7-13700F,LGA1700,16,24,2.1 GHz,5.2 GHz,65 W,44957,High
Intel Core i7-10700,LGA1200,8,16,2.9 GHz,4.8 GHz,65 W,34916,High
Intel Core i9-11900K,LGA1200,8,16,3.5 GHz,5.3 GHz,125 W,50797,Pro
Intel Core Ultra 5 225,LGA1851,10,10,3.3 GHz,4.9 GHz,65 W,28258,Mid
Intel Core i7-4770,LGA1150,4,8,3.4 GHz,3.9 GHz,84 W,10509,High
Intel Core i3-13100F,LGA1700,4,8,3.4 GHz,4.5 GHz,58 W,13670,Entry
Intel Core i7-11700F,LGA1200,8,16,2.5 GHz,4.9 GHz,65 W,28142,High
Intel Core i3-12100,LGA1700,4,8,3.3 GHz,4.3 GHz,60 W,24873,Entry
Intel Core i5-7500,LGA1151,4,4,3.4 GHz,3.8 GHz,65 W,8618,Mid
AMD Ryzen 7 2700,AM4,8,16,3.2 GHz,4.1 GHz,65 W,23354,High
Intel Core i9-13900KF,LGA1700,24,32,3.0 GHz,5.8 GHz,125 W,54874,Pro
Intel Core i7-12700,LGA1700,12,20,2.1 GHz,4.9 GHz,65 W,45541,High
AMD EPYC 4585PX,AM5,16,32,4.3 GHz,5.7 GHz,170 W,94307,Pro
Intel Core i5-10600K,LGA1200,6,12,4.1 GHz,4.8 GHz,125 W,32695,Mid
Intel Core i7-3770,LGA1155,4,8,3.4 GHz,,77 W,19339,High
Intel Core i9-10850K,LGA1200,10,20,3.6 GHz,5.2 GHz,125 W,46593,Pro
Intel Xeon E5-2699 V4,LGA2011-3,22,44,2.2 GHz,3.6 GHz,145 W,34104,Pro
AMD Ryzen 5 3600,AM4,6,12,3.6 GHz,4.2 GHz,65 W,29482,Mid
Intel Core Ultra 9 285,LGA1851,24,24,2.5 GHz,5.6 GHz,65 W,67612,Pro
Intel Core i5-8600K,LGA1151,6,6,3.6 GHz,4.3 GHz,95 W,23245,Mid
Intel Core i5-11600K,LGA1200,6,12,3.9 GHz,4.9 GHz,125 W,23238,Mid
Intel Core i5-6600K,LGA1151,4,4,3.5 GHz,3.9 GHz,91 W,29208,Mid
AMD Ryzen 7 1700X,AM4,8,16,3.4 GHz,3.8 GHz,95 W,14988,High
Intel Core i7-14700,LGA1700,20,28,2.1 GHz,5.4 GHz,65 W,62323,Pro
Intel Core i3-14100,LGA1700,4,8,3.5 GHz,4.7 GHz,60 W,27805,Entry
Intel Core i7-9700F,LGA1151,8,8,3.0 GHz,4.7 GHz,65 W,28878,High
Intel Core Ultra 7 265,LGA1851,20,20,2.4 GHz,5.3 GHz,65 W,40869,High
Intel Core i7-9700,LGA1151,8,8,3.0 GHz,4.7 GHz,65 W,39114,High
AMD Ryzen 5 3600XT,AM4,6,12,3.8 GHz,4.5 GHz,95 W,20029,Mid
Intel Core i5-12500,LGA1700,6,12,3.0 GHz,4.6 GHz,65 W,24161,Mid
Intel Core i5-14500,LGA1700,14,20,2.6 GHz,5.0 GHz,65 W,51146,High
Intel Core i5-11400,LGA1200,6,12,2.6 GHz,4.4 GHz,65 W,23238,Mid
Intel Core i9-12900KS,LGA1700,16,24,3.4 GHz,5.5 GHz,150 W,52548,Pro
AMD Ryzen 5 2400G,AM4,4,8,3.6 GHz,3.9 GHz,65 W,19034,Entry
Intel Core i9-9900KF,LGA1151,8,16,3.6 GHz,5.0 GHz,95 W,46593,Pro
Intel Core i3-8100,LGA1151,4,4,3.6 GHz,,65 W,7805,Entry
Intel Core i7-4790,LGA1150,4,8,3.6 GHz,4.0 GHz,84 W,18819,High
AMD Ryzen 7 1700,AM4,8,16,3.0 GHz,3.7 GHz,65 W,17515,High
AMD Ryzen 9 3900XT,AM4,12,24,3.8 GHz,4.7 GHz,105 W,44957,Pro
Intel Core i7-4770K,LGA1150,4,8,3.5 GHz,3.9 GHz,84 W,11676,High
Intel Core i7-11700KF,LGA1200,8,16,3.6 GHz,5.0 GHz,125 W,34916,High
AMD Athlon 3000G (14nm),AM4,2,4,3.5 GHz,,35 W,8172,Entry
Intel Core i5-8500,LGA1151,6,6,3.0 GHz,4.1 GHz,65 W,21018,Mid
AMD Ryzen 3 2200G,AM4,4,4,3.5 GHz,3.7 GHz,65 W,11676,Entry
Intel Core i7-10700KF,LGA1200,8,16,3.8 GHz,5.1 GHz,125 W,37893,High
Intel Core i5-7400,LGA1151,4,4,3.0 GHz,3.5 GHz,65 W,16347,Mid
Intel Core i5-9400,LGA1151,6,6,2.9 GHz,4.1 GHz,65 W,16464,Mid
Intel Core i5-3470,LGA1155,4,4,3.2 GHz,,77 W,6423,Mid
Intel Core i7-3770K,LGA1155,4,8,3.5 GHz,,77 W,17632,High
Intel Core i5-4690,LGA1150,4,4,3.5 GHz,3.9 GHz,84 W,6072,Mid
Intel Core i3-9100F,LGA1151,4,4,3.6 GHz,4.2 GHz,65 W,11326,Entry
Intel Xeon E5-2680 V4,LGA2011-3,14,28,2.4 GHz,3.3 GHz,120 W,239389,Pro
Intel Core i3-4150,LGA1150,2,4,3.5 GHz,,54 W,3494,Entry
AMD Ryzen 5 1600X,AM4,6,12,3.6 GHz,4.0 GHz,95 W,11443,Entry
Intel Core i3-10100,LGA1200,4,8,3.6 GHz,4.3 GHz,65 W,18683,Entry
Intel Core i5-7600K,LGA1151,4,4,3.8 GHz,4.2 GHz,91 W,35540,Mid
Intel Core i5-13400,LGA1700,10,16,2.5 GHz,4.6 GHz,65 W,37544,Mid
Intel Core i7-11700,LGA1200,8,16,2.5 GHz,4.9 GHz,65 W,48513,High
Intel Core i5-11600KF,LGA1200,6,12,3.9 GHz,4.9 GHz,125 W,17048,Mid
Intel Core i9-11900KF,LGA1200,8,16,3.5 GHz,5.3 GHz,125 W,51264,Pro
Intel Core i9-10900KF,LGA1200,10,20,3.7 GHz,5.3 GHz,125 W,51264,Pro
AMD FX-8350,AM3+,8,8,4.0 GHz,,125 W,28963,Entry
Intel Core i5-10500,LGA1200,6,12,3.1 GHz,4.5 GHz,65 W,26852,Mid
Intel Core Ultra 5 235,LGA1851,14,14,3.4 GHz,5.0 GHz,65 W,31528,High
Intel Core i3-10105F,LGA1200,4,8,3.7 GHz,4.4 GHz,65 W,11794,Entry
Intel Core i5-10600KF,LGA1200,6,12,4.1 GHz,4.8 GHz,125 W,27182,Mid
Intel Core i7-13700,LGA1700,16,24,2.1 GHz,5.2 GHz,65 W,77304,High
AMD Ryzen 5 5600T,AM4,6,12,3.5 GHz,4.5 GHz,65 W,30362,Mid
Intel Core i5-4460,LGA1150,4,4,3.2 GHz,3.4 GHz,84 W,8006,Mid
Intel Core i5-4690K,LGA1150,4,4,3.5 GHz,3.9 GHz,88 W,24966,Mid
Intel Core i9-9900KS,LGA1151,8,16,4.0 GHz,5.0 GHz,127 W,162200,Pro
AMD Ryzen 5 1400,AM4,4,8,3.2 GHz,3.4 GHz,65 W,10625,Entry
Intel Core i5-9600KF,LGA1151,6,6,3.7 GHz,4.6 GHz,95 W,26492,Mid
Intel Core i7-8700K,LGA1151,6,12,3.7 GHz,4.7 GHz,95 W,29188,High
Intel Core i5-4570,LGA1150,4,4,3.2 GHz,,84 W,11444,Mid
Intel Xeon E5-2690 V2,LGA2011,10,20,3.0 GHz,3.6 GHz,130 W,0,Pro
Intel Core i9-10980XE,LGA2066,18,36,3.0 GHz,4.8 GHz,165 W,117780,Pro
AMD Ryzen 5 1600 (12nm),AM4,6,12,3.2 GHz,3.6 GHz,65 W,11676,Entry
AMD Ryzen 3 3300X,AM4,4,8,3.8 GHz,4.3 GHz,65 W,14013,Entry
Intel Core i3-13100,LGA1700,4,8,3.4 GHz,4.5 GHz,60 W,18333,Entry
Intel Core i5-7500T,LGA1151,4,4,2.7 GHz,3.3 GHz,35 W,15231,Mid
AMD Ryzen 7 1800X,AM4,8,16,3.6 GHz,4.0 GHz,95 W,27558,High
AMD Ryzen 3 1200 (14nm),AM4,4,4,3.1 GHz,3.4 GHz,65 W,10204,Entry
AMD Ryzen 5 1500X,AM4,4,8,3.5 GHz,3.7 GHz,65 W,14012,Entry
Intel Core i7-6800K,LGA2011-3,6,12,3.4 GHz,3.6 GHz,140 W,8522,High
Intel Core i3-9100,LGA1151,4,4,3.6 GHz,4.2 GHz,65 W,11347,Entry
Intel Core i5-2400,LGA1155,4,4,3.1 GHz,,95 W,8093,Mid
Intel Core i7-4790K,LGA1150,4,8,4.0 GHz,4.4 GHz,88 W,26218,High
Intel Core i5-9500,LGA1151,6,6,3.0 GHz,4.4 GHz,65 W,15131,Mid
Intel Core i5-3570K,LGA1155,4,4,3.4 GHz,,77 W,15443,Mid
Intel Core i3-7100T,LGA1151,2,4,3.4 GHz,,35 W,4554,Entry
Intel Celeron G3930,LGA1151,2,2,2.9 GHz,,51 W,2917,Entry
Intel Celeron 420,LGA775,1,1,1.6 GHz,,35 W,8168,Entry
Intel Core i9-14900,LGA1700,24,32,2.0 GHz,5.8 GHz,65 W,68896,Pro
Intel Core i9-10900X,LGA2066,10,20,3.7 GHz,4.7 GHz,165 W,47993,Pro
Intel Pentium G4400,LGA1151,2,2,3.3 GHz,,54 W,3035,Entry
Intel Core i5-12600,LGA1700,6,12,3.3 GHz,4.8 GHz,65 W,32112,Mid
Intel Core i9-9980XE,LGA2066,18,36,3.0 GHz,4.4 GHz,165 W,175040,Pro
Intel Core i5-4670K,LGA1150,4,4,3.4 GHz,,84 W,12479,Mid
Intel Xeon E5-1650 V4,LGA2011-3,6,12,3.6 GHz,4.0 GHz,140 W,12839,Pro
Intel Core i7-4790,LGA1150,4,8,3.6 GHz,4.0 GHz,84 W,0,High
AMD Athlon II X2 240,AM3,2,2,2.8 GHz,,65 W,3443,Entry
Intel Core i7-8700,LGA1151,6,12,3.2 GHz,4.6 GHz,65 W,51381,High
Intel Core i5-8400,LGA1151,6,6,2.8 GHz,4.0 GHz,65 W,23232,Mid
AMD EPYC 4545P,AM5,16,32,3.0 GHz,5.4 GHz,65 W,72125,Pro
Intel Core i7-2600K,LGA1155,4,8,3.4 GHz,,95 W,9925,High
Intel Core i5-11500,LGA1200,6,12,2.7 GHz,4.6 GHz,65 W,23238,Mid
Intel Core i9-9900K,LGA1151,8,16,3.6 GHz,5.0 GHz,95 W,111498,Pro
AMD EPYC 4565P,AM5,16,32,4.3 GHz,5.7 GHz,170 W,72399,Pro
Intel Core i3-4130,LGA1150,2,4,3.4 GHz,,54 W,4788,Entry
Intel Core i5-2500K,LGA1155,4,4,3.3 GHz,,95 W,18104,Mid
Intel Core i3-7100,LGA1151,2,4,3.9 GHz,,51 W,9225,Entry
Intel Core i9-13900,LGA1700,24,32,2.0 GHz,5.6 GHz,65 W,63057,Pro
Intel Pentium Gold G7400,LGA1700,2,4,3.7 GHz,46 W,14612,Entry
Intel Celeron G5900,LGA1200,2,2,3.4 GHz,58 W,6827,Entry
Intel Celeron G6900,LGA1700,2,2,3.4 GHz,46 W,14012,Entry
AMD FX-9590,AM3+,8,8,4.7 GHz,5.0 GHz,220 W,33465,Entry
Intel Pentium Gold G5420,LGA1151,2,4,3.8 GHz,54 W,3269,Entry
Intel Core i7-950,LGA1366,4,8,3.06 GHz,130 W,9827,High
Intel Core i5-6500,LGA1151,4,4,3.2 GHz,3.6 GHz,65 W,17509,Mid
Intel Core i7-7820X,LGA2066,8,16,3.6 GHz,4.5 GHz,140 W,40870,High
Intel Core i5-7600,LGA1151,4,4,3.5 GHz,4.1 GHz,65 W,19017,Mid
Intel Core i9-12900F,LGA1700,16,24,2.4 GHz,5.1 GHz,65 W,43206,Pro
AMD EPYC 4345P,AM5,8,16,3.8 GHz,5.5 GHz,65 W,40870,Pro
Intel Celeron G5905,LGA1200,2,2,3.5 GHz,58 W,9594,Entry
AMD Ryzen 3 3200G,AM4,4,4,3.6 GHz,4.0 GHz,65 W,0,Entry
Intel Core i7-7800X,LGA2066,6,12,3.5 GHz,4.0 GHz,140 W,28497,High
Intel Xeon E5-2667 V3,LGA2011-3,8,16,3.2 GHz,3.6 GHz,135 W,34910,Pro
Intel Core i9-12900,LGA1700,16,24,2.4 GHz,5.1 GHz,65 W,46592,Pro
Intel Core i5-8600,LGA1151,6,6,3.1 GHz,4.3 GHz,65 W,19267,Mid
AMD Athlon 200GE,AM4,2,4,3.2 GHz,,35 W,8756,Entry
Intel Core i7-6850K,LGA2011-3,6,12,3.6 GHz,3.8 GHz,140 W,9926,High
Intel Core i5-4440,LGA1150,4,4,3.1 GHz,3.3 GHz,84 W,11678,Mid
AMD FX-8320,AM3+,8,8,3.5 GHz,,125 W,0,Entry
Intel Core i3-10105,LGA1200,4,8,3.7 GHz,4.4 GHz,65 W,19578,Entry
Intel Core i9-7900X,LGA2066,10,20,3.3 GHz,4.5 GHz,140 W,30945,Pro
Intel Core i5-3570,LGA1155,4,4,3.4 GHz,,77 W,0,Mid
Intel Core i7-9700K,LGA1151,8,8,3.6 GHz,4.9 GHz,95 W,0,High
Intel Core i5-8500T,LGA1151,6,6,2.1 GHz,3.5 GHz,35 W,17399,Mid
Intel Pentium Gold G6400,LGA1200,2,4,4.0 GHz,58 W,8536,Entry
Intel Xeon E5-4620,LGA2011,8,16,2.2 GHz,2.6 GHz,95 W,6863,Pro
Intel Core i7-5960X,LGA2011-3,8,16,3.0 GHz,3.5 GHz,140 W,0,High
AMD EPYC 4564P,AM5,16,32,4.5 GHz,5.7 GHz,170 W,65185,Pro
AMD FX-4350,AM3+,4,4,4.2 GHz,,125 W,9688,Entry
Intel Pentium G4560,LGA1151,2,4,3.5 GHz,,54 W,6890,Entry
AMD Phenom II X4 820,AM3,4,4,2.8 GHz,,95 W,6147,Entry
Intel Core i7-7700,LGA1151,4,8,3.6 GHz,4.2 GHz,65 W,37892,High
Intel Core i7-4930K,LGA2011,6,12,3.4 GHz,3.9 GHz,130 W,11444,High
AMD EPYC 4465P,AM5,12,24,3.4 GHz,5.4 GHz,65 W,49161,Pro
Intel Core i3-10320,LGA1200,4,8,3.8 GHz,4.6 GHz,65 W,14013,Entry
Intel Core i7-9700,LGA1151,8,8,3.0 GHz,4.7 GHz,65 W,41572,High
Intel Xeon E5-2697 V2,LGA2011,12,24,2.7 GHz,3.5 GHz,130 W,0,Pro
Intel Xeon E5-2620,LGA2011,6,12,2.0 GHz,95 W,3739,Pro
Intel Core i9-9900K (Standard Folding Box),LGA1151,8,16,3.6 GHz,5.0 GHz,95 W,51264,Pro
Intel Core i9-10920X,LGA2066,12,24,3.5 GHz,4.8 GHz,165 W,102179,Pro
AMD Ryzen 3 1200 (12nm),AM4,4,4,3.1 GHz,3.4 GHz,65 W,10204,Entry
Intel Core i7-6700K,LGA1151,4,8,4.0 GHz,4.2 GHz,91 W,0,High
AMD A8-7600,FM2+,4,4,3.1 GHz,3.8 GHz,65 W,8233,Entry
Intel Core i9-7920X,LGA2066,12,24,2.9 GHz,4.4 GHz,140 W,46126,Pro
AMD FX-8320E,AM3+,8,8,3.2 GHz,4.0 GHz,95 W,17374,Entry
Intel Core 2 Quad Q9300,LGA775,4,4,2.5 GHz,,95 W,4975,Entry
Intel Xeon E5-2683 V4,LGA2011-3,16,32,2.1 GHz,3.0 GHz,120 W,38530,Pro
Intel Xeon E5-2630 V4,LGA2011-3,10,20,2.2 GHz,3.1 GHz,85 W,58271,Pro
Intel Core i5-8400T,LGA1151,6,6,1.7 GHz,3.3 GHz,35 W,13239,Mid
Intel Core i7-5930K,LGA2011-3,6,12,3.5 GHz,3.7 GHz,140 W,0,High
Intel Core i5-3330,LGA1155,4,4,3.0 GHz,,77 W,0,Mid
Intel Xeon E5-2660 V4,LGA2011-3,14,28,2.0 GHz,3.2 GHz,105 W,46593,Pro
AMD A8-6600K,FM2,4,4,3.9 GHz,100 W,10844,Entry
Intel Celeron G3900,LGA1151,2,2,2.8 GHz,51 W,3842,Entry
Intel Pentium Gold G6405,LGA1200,2,4,4.1 GHz,58 W,10509,Entry
AMD EPYC 4464P,AM5,12,24,3.7 GHz,5.4 GHz,65 W,53482,Pro
Intel Celeron G5925,LGA1200,2,2,3.6 GHz,58 W,7005,Entry
Intel Xeon E5-2660 V3,LGA2011-3,10,20,2.6 GHz,3.3 GHz,105 W,17509,Pro
Intel Xeon E5-1620 V3,LGA2011-3,4,8,3.5 GHz,3.6 GHz,140 W,12962,Pro
Intel Xeon E5-2690 V3,LGA2011-3,12,24,2.6 GHz,3.5 GHz,135 W,0,Pro
Intel Core i5-6402P,LGA1151,4,4,2.8 GHz,3.4 GHz,65 W,13857,Mid
Intel Xeon E3-1270 V3,LGA1150,4,8,3.5 GHz,3.9 GHz,80 W,47878,Pro
Intel Xeon E5-2687W V2,LGA2011,8,16,3.4 GHz,4.0 GHz,150 W,0,Pro
Intel Xeon E5-1650 V2,LGA2011,6,12,3.5 GHz,3.9 GHz,130 W,27446,Pro
Intel Core i3-6300,LGA1151,2,4,3.8 GHz,51 W,11703,Entry
Intel Core i5-7400,LGA1151,4,4,3.0 GHz,3.5 GHz,65 W,21021,Mid
AMD Athlon II X2 270,AM3,2,2,3.4 GHz,65 W,7561,Entry
Intel Xeon E5-2683 V4,LGA2011-3,16,32,2.1 GHz,3.0 GHz,120 W,233427,Pro
Intel Core i9-9900X,LGA2066,10,20,3.5 GHz,4.4 GHz,165 W,58386,Pro
Intel Core i9-9960X,LGA2066,16,32,3.1 GHz,4.4 GHz,165 W,116774,Pro
Intel Core 2 Quad Q6600,LGA775,4,4,2.4 GHz,100 W,0,Entry
Intel Xeon E3-1241 V3,LGA1150,4,8,3.5 GHz,3.9 GHz,80 W,34799,Pro
Intel Pentium G4600,LGA1151,2,4,3.6 GHz,51 W,0,Entry
Intel Xeon E5-2620 V3,LGA2011-3,6,12,2.4 GHz,3.2 GHz,85 W,14945,Pro
Intel Xeon E5-2630,LGA2011,6,12,2.3 GHz,95 W,5565,Pro
AMD FX-9590,AM3+,8,8,4.7 GHz,5.0 GHz,220 W,0,Entry
Intel Core i3-10100T,LGA1200,4,8,3.0 GHz,3.8 GHz,35 W,0,Entry
AMD EPYC 4244P,AM5,6,12,3.8 GHz,5.1 GHz,65 W,29193,Pro
Intel Xeon E5-2643 V4,LGA2011-3,6,12,3.4 GHz,3.7 GHz,135 W,108595,Pro
AMD FX-8370,AM3+,8,8,4.0 GHz,4.3 GHz,125 W,31918,Entry
Intel Core i3-8100,LGA1151,4,4,3.6 GHz,65 W,14585,Entry
Intel Core i3-7100,LGA1151,2,4,3.9 GHz,51 W,12149,Entry
Intel Core i5-650,LGA1156,2,4,3.2 GHz,73 W,11787,Mid
Intel Core 2 Quad Q6600,LGA775,4,4,2.4 GHz,100 W,10504,Entry
Intel Core i7-2600S,LGA1155,4,8,2.8 GHz,65 W,11676,High
Intel Core i5-3550,LGA1155,4,4,3.3 GHz,77 W,29193,Mid
AMD A4-3300,FM1,2,2,2.5 GHz,65 W,10159,Entry
Intel Xeon E3-1220 V3,LGA1150,4,4,3.1 GHz,3.5 GHz,80 W,17509,Pro
AMD A10-7890K,FM2+,4,4,4.1 GHz,4.3 GHz,95 W,0,Entry
Intel Core i3-13100T,LGA1700,4,8,2.5 GHz,4.2 GHz,35 W,0,Entry
Intel Core i5-8500,LGA1151,6,6,3.0 GHz,4.1 GHz,65 W,21018,Mid
Intel Xeon E5-2650,LGA2011,8,16,2.0 GHz,2.8 GHz,95 W,12728,Pro
Intel Core i5-2400S,LGA1155,4,4,2.5 GHz,65 W,21524,Mid
Intel Celeron G440,LGA1155,1,1,1.6 GHz,35 W,0,Entry
Intel Core i7-4790T,LGA1150,4,8,2.7 GHz,3.9 GHz,45 W,17502,High
Intel Xeon E-2286G,LGA1151,6,12,4.0 GHz,4.9 GHz,95 W,73289,Pro
Intel Core i7-960,LGA1366,4,8,3.2 GHz,130 W,17516,High
Intel Core 2 Quad Q9300,LGA775,4,4,2.5 GHz,95 W,25574,Entry
Intel Xeon E3-1240 V2,LGA1155,4,8,3.4 GHz,69 W,46710,Pro
Intel Xeon E5-2660 V3,LGA2011-3,10,20,2.6 GHz,3.3 GHz,105 W,0,Pro
Intel Xeon E5-2630L V3,LGA2011-3,8,16,1.8 GHz,2.9 GHz,55 W,45769,Pro
Intel Core i7-940,LGA1366,4,8,2.93 GHz,130 W,17509,High
Intel Core 2 Quad Q8400,LGA775,4,4,2.66 GHz,95 W,15174,Entry
Intel Xeon E-2176G,LGA1151,6,12,3.7 GHz,4.7 GHz,80 W,58558,Pro
AMD Athlon X4 750K,FM2,4,4,3.4 GHz,100 W,0,Entry
AMD FX-8370E,AM3+,8,8,3.3 GHz,4.3 GHz,95 W,0,Entry
Intel Core i3-6100T,LGA1151,2,4,3.2 GHz,35 W,17509,Entry
Intel Xeon E3-1270 V6,LGA1151,4,8,3.8 GHz,4.2 GHz,72 W,29188,Pro
Intel Xeon E-2236,LGA1151,6,12,3.4 GHz,4.8 GHz,80 W,52785,Pro
Intel Core i5-655K,LGA1156,2,4,3.2 GHz,73 W,8057,Mid
Intel Xeon E5-1660 V2,LGA2011,6,12,3.7 GHz,4.0 GHz,130 W,0,Pro
Intel Celeron G3920,LGA1151,2,2,2.6 GHz,35 W,57814,Entry
Intel Xeon E-2174G,LGA1151,4,8,3.8 GHz,4.7 GHz,71 W,75898,Pro
Intel Xeon E3-1220 V6,LGA1151,4,4,3.0 GHz,3.5 GHz,72 W,22833,Pro
Intel Xeon E3-1230 V6,LGA1151,4,8,3.5 GHz,3.9 GHz,72 W,53190,Pro
Intel Core i7-980,LGA1366,6,12,3.333 GHz,130 W,40865,High
Intel Core i3-3250,LGA1155,2,4,3.5 GHz,55 W,10510,Entry
Intel Xeon E5-2640 V3,LGA2011-3,8,16,2.6 GHz,3.4 GHz,90 W,22181,Pro
Intel Core i5-4690,LGA1150,4,4,3.5 GHz,3.9 GHz,84 W,12888,Mid
Intel Core i5-8600,LGA1151,6,6,3.1 GHz,4.3 GHz,65 W,31523,Mid
Intel Core i7-965 Extreme Edition,LGA1366,4,8,3.2 GHz,130 W,0,High
Intel Xeon E5-2665,LGA2011,8,16,2.4 GHz,3.1 GHz,115 W,17509,Pro
Intel Core i5-6500T,LGA1151,4,4,2.5 GHz,3.1 GHz,35 W,23232,Mid
AMD EPYC 4344P,AM5,8,16,3.8 GHz,5.3 GHz,65 W,40870,Pro
Intel Xeon E3-1245 V2,LGA1155,4,8,3.4 GHz,77 W,21643,Pro
Intel Core i5-7640X,LGA2066,4,4,4.0 GHz,4.2 GHz,112 W,33591,Mid
Intel Xeon E5-2643 V3,LGA2011-3,6,12,3.4 GHz,3.7 GHz,135 W,27494,Pro
Intel Xeon E3-1275 V6,LGA1151,4,8,3.8 GHz,4.2 GHz,73 W,58265,Pro
Intel Core i7-7820X,LGA2066,8,16,3.6 GHz,4.5 GHz,140 W,57807,High
Intel Xeon E5-2640 V2,LGA2011,8,16,2.0 GHz,2.5 GHz,95 W,0,Pro
AMD A10-6800B,FM2,4,4,4.1 GHz,4.4 GHz,100 W,0,Entry
Intel Xeon E3-1225 V6,LGA1151,4,4,3.3 GHz,3.7 GHz,73 W,40865,Pro
Intel Core i5-3570S,LGA1155,4,4,3.1 GHz,3.8 GHz,65 W,0,Mid
Intel Core i3-8300,LGA1151,4,4,3.7 GHz,62 W,0,Entry
Intel Core i5-3330S,LGA1155,4,4,2.7 GHz,3.2 GHz,65 W,17509,Mid
Intel Core i5-9600T,LGA1151,6,6,2.3 GHz,3.9 GHz,35 W,0,Mid
Intel Celeron E1200,LGA775,2,2,1.6 GHz,65 W,0,Entry
Intel Core 2 Duo E4300,LGA775,2,2,1.8 GHz,65 W,8758,Entry
Intel Core i5-661,LGA1156,2,4,3.33 GHz,87 W,9342,Mid
Intel Xeon E5-2620 V3,LGA2011-3,6,12,2.4 GHz,3.2 GHz,85 W,17509,Pro
Intel Pentium E5300,LGA775,2,2,2.6 GHz,65 W,9272,Entry
Intel Pentium E5300,LGA775,2,2,2.6 GHz,65 W,10071,Entry
Intel Core 2 Duo E8400,LGA775,2,2,3.0 GHz,65 W,14012,Entry
Intel Core 2 Extreme X6800,LGA775,2,2,2.93 GHz,75 W,,Entry
Intel Pentium G645,LGA1155,2,2,2.9 GHz,65 W,9576,Entry
Intel Celeron G1820,LGA1150,2,2,2.7 GHz,53 W,0,Entry
Intel Xeon E5-2609,LGA2011,4,4,2.4 GHz,80 W,10504,Pro
Intel Xeon E5-2637 V2,LGA2011,4,8,3.5 GHz,3.8 GHz,130 W,0,Pro
Intel Xeon E3-1275 V2,LGA1155,4,8,3.5 GHz,77 W,43674,Pro
Intel Xeon E3-1240 V6,LGA1151,4,8,3.7 GHz,4.1 GHz,72 W,50202,Pro
Intel Xeon E3-1225 V6,LGA1151,4,4,3.3 GHz,3.7 GHz,73 W,43201,Pro
Intel Xeon E5-2450V2,LGA1356,8,16,2.5 GHz,3.3 GHz,95 W,0,Pro
Intel Xeon E3-1240 V6,LGA1151,4,8,3.7 GHz,4.1 GHz,72 W,50202,Pro
Intel Xeon E3-1225 V6,LGA1151,4,4,3.3 GHz,3.7 GHz,73 W,43201,Pro
Intel Xeon E3-1240 V6,LGA1151,4,8,3.7 GHz,4.1 GHz,72 W,50202,Pro
Intel Xeon E3-1225 V6,LGA1151,4,4,3.3 GHz,3.7 GHz,73 W,43201,Pro